peptide,conc,integral,normintegral
PADEHF,1.0,1654550627.0833313,0.7886544643833544
IAVHMR,1.0,1912366381.4938374,0.7989362638975941
RKHFMR,1.0,1751479663.6300554,0.8348564458456607
RFNPVG,1.0,2003350881.6299322,0.8369471896881528
RFNPVG,1.0,2004838066.0696833,0.8375684961446559
RKHFMR,1.0,1775885655.907458,0.846489752468142
RFNPVG,1.0,2059084424.697931,0.8602311948366539
SLGNDM,1.0,1057509465.1822067,0.8656062034809439
FSEGMH,1.0,2074024344.4265718,0.8664726994805529
ETGCWP,1.0,1818564304.2242017,0.8668328631459827
RVPWEH,1.0,2080601000.5599625,0.8692202530513524
RVPWEH,1.0,2083699371.3779783,0.870514670705558
CHPQRM,1.0,1833177163.5044048,0.8737981965241782
ETGCWP,1.0,1838047726.3995297,0.8761197883258577
FSIHQD,1.0,2112623908.9020317,0.8825985800275685
CKMIAF,1.0,1080069331.9152036,0.8840721947904598
SAPLDI,1.0,2015043637.692609,0.8854104809306462
CKMIAF,1.0,1097891333.5223732,0.8986600880032694
SLGNDM,1.0,1098500602.4356263,0.8991587946042633
GCFRSL,1.0,2154277293.046478,0.9000002659331009
CIGAHA,1.0,1898738383.799584,0.9050484636540275
HEIATM,1.0,1903385528.2985601,0.907263561334183
SLGNDM,1.0,1111398670.8238804,0.9097162868796356
MDNLEE,1.0,1115439249.0303652,0.9130236327487155
RVPWEH,1.0,2194575104.438594,0.9168356292758291
LMDLGN,1.0,2198462893.053023,0.9184598448761939
CKMIAF,1.0,1126987847.5655231,0.9224765396612992
PTSCTH,1.0,1938158274.649338,0.9238382621620167
SAPLDI,1.0,2104175822.727967,0.9245751765939738
IAVHMR,1.0,2230227315.685552,0.9317301833366898
RIDLGY,1.0,1139558719.7843208,0.9327662111337741
CHPQRM,1.0,1963691330.9061732,0.9360087926230893
CHPQRM,1.0,1965775565.1224918,0.9370022591224602
VPIREF,1.0,2243371711.104597,0.9372215652543542
reference,0.0,2136668154.583022,0.9388523121538198
PADEHF,1.0,1975528753.4250185,0.9416511924164015
SAPLDI,1.0,2150002836.7316637,0.9447115735184053
LNHQAT,1.0,1983022327.2987561,0.9452230628644684
FNRDAP,1.0,1158919951.6197367,0.948614014804147
FSIHQD,1.0,2273300789.437211,0.9497251452463213
MDNLEE,1.0,1160430877.6125345,0.9498507573160838
PTSCTH,1.0,1996362852.9668882,0.951581928500354
LNPAHY,1.0,2279210824.4096565,0.9521942020683207
VKNKVA,1.0,1167137017.6859019,0.9553399530538438
PADEHF,1.0,2006699348.0392892,0.9565088995168263
reference,0.0,2013517604.7223485,0.9597588747574664
FSEGMH,1.0,2303448935.881412,0.9623202461206383
CIGAHA,1.0,2023154836.6751707,0.964352536552687
EMEGYP,1.0,2027835504.1750636,0.9665836132327593
RIDLGY,1.0,1182376502.114885,0.9678139712011009
RKHFMR,1.0,2030533098.45313,0.9678694425906934
reference,0.0,2319018629.3678017,0.9688248536395856
EMEGYP,1.0,2034304325.7151375,0.9696670274863756
MDNLEE,1.0,1184750712.0464106,0.96975733994886
LNPAHY,1.0,2324331005.0871706,0.9710442241800453
FSEGMH,1.0,2325248982.9372625,0.9714277311277675
reference,0.0,2213148218.7423944,0.9724576639795982
PTSCTH,1.0,2044054809.3531606,0.9743146715808808
LESIDK,1.0,2333031641.716593,0.9746791208136136
CIGAHA,1.0,2047240253.1249325,0.9758330382059497
PMYSTH,1.0,2050776545.4250827,0.9775186395192164
reference,0.0,1198519732.4411001,0.9810277350251304
IREPYR,1.0,1198792367.046434,0.9812508953971465
LESIDK,1.0,2349402181.3246017,0.9815183007317386
EMEGYP,1.0,2060218989.7015715,0.9820194542488758
IAVHMR,1.0,2360221456.1493297,0.9860383085556564
LNHQAT,1.0,2069468814.6170552,0.9864284554573914
LNPAHY,1.0,2366216874.4819255,0.9885430362948073
RIDLGY,1.0,1208042897.893227,0.9888227584868979
LMDLGN,1.0,2369017340.35844,0.9897129971172767
KSNCMR,1.0,2077990460.1985383,0.9904903643054612
FNRDAP,1.0,1212525726.3038573,0.9924921006622076
reference,0.0,2085141858.8785536,0.9938991342779592
ETGCWP,1.0,2087640539.4329236,0.9950901498576671
LNHQAT,1.0,2089309506.980178,0.9958856762595237
KSNCMR,1.0,2092279716.8631058,0.9973014499723268
ATKYGC,1.0,1219788304.0093496,0.9984367588634969
reference,0.0,1223101756.7089818,1.0011489286418054
reference,0.0,2401053467.748542,1.0030968466633046
FHPSIC,1.0,2286142137.5366464,1.0045312030016302
LESIDK,1.0,2405288459.17188,1.0048661144449087
HEIATM,1.0,2116854241.293897,1.0090150887605251
FNRDAP,1.0,1235828922.138759,1.011566531236828
PMYSTH,1.0,2125478518.4408937,1.0131259177449778
KSNCMR,1.0,2132808310.4889512,1.0166197203080898
reference,0.0,1243472849.1167104,1.0178233363330644
HEIATM,1.0,2140401659.2987835,1.0202391492578409
PMYSTH,1.0,2140458852.8848302,1.020266411026826
LMDLGN,1.0,2447447128.7929187,1.0224788953031536
MANKFN,1.0,2448946853.222924,1.0231054406370288
RPHNIC,1.0,2328452180.0503874,1.0231222421183732
VKNKVA,1.0,1255020253.1616273,1.027275265516184
reference,0.0,2460850091.210911,1.0280782996971098
KGINIK,1.0,2348211837.057066,1.0318046384129476
GCFRSL,1.0,2470721248.5005093,1.0322022090073837
LAWEEK,1.0,2477781128.107787,1.0351516406077235
RPHNIC,1.0,2362263931.3484635,1.0379791307821928
FHPSIC,1.0,2371399662.8496747,1.0419933725935528
RPHNIC,1.0,2376786776.8832717,1.0443604713194032
reference,0.0,2195163884.1576786,1.0463419909645744
VPIREF,1.0,2507446979.827545,1.047545251459536
MDYASL,1.0,1281717852.36357,1.049128126647094
FKHDEC,1.0,1283268045.5410702,1.050397010638413
KGINIK,1.0,2390957369.671811,1.0505870319463186
LAWEEK,1.0,2520022489.8266764,1.0527989680446732
ATKYGC,1.0,1286915863.5982256,1.0533828694353358
VPIREF,1.0,2532230238.8103857,1.0578990437718074
ANWDVH,1.0,2414491632.192341,1.0609279904778723
YELKAT,1.0,2541089535.0708127,1.0616002242169158
MANKFN,1.0,2544303758.2534823,1.0629430419351864
IREPYR,1.0,1301054027.9604461,1.0649554209639056
ATKYGC,1.0,1311408727.657075,1.0734310824947835
LAWEEK,1.0,2598183679.140981,1.0854526525984582
FKHDEC,1.0,1328283259.6555994,1.0872434407380676
reference,0.0,2477673297.594053,1.0886900238665818
IREPYR,1.0,1330389358.0974252,1.0889673514324008
SLGWKA,1.0,2631487921.6757984,1.0993662872242256
GLAEEF,1.0,1344068699.6833272,1.1001643414605244
VKNKVA,1.0,1344468288.3906467,1.1004914179315015
KGINIK,1.0,2508517906.0355744,1.1022431495078695
YELKAT,1.0,2638996343.7651486,1.1025031080499221
MANKFN,1.0,2652776258.384148,1.1082599931369375
PSELAE,1.0,2535670545.5447187,1.114174023438648
GLAEEF,1.0,1361309195.061329,1.1142762527404027
MDYASL,1.0,1368586316.199676,1.1202328152187822
YELKAT,1.0,2686235700.9758606,1.1222384662553768
FKHDEC,1.0,1379120154.6416683,1.1288551076918651
GCFRSL,1.0,2714364837.1528482,1.1339900778614929
FHPSIC,1.0,2581050098.662121,1.1341138059815739
ANWDVH,1.0,2585699606.119696,1.1361568002657156
SLGWKA,1.0,2728266036.6272607,1.1397976325640111
GLAEEF,1.0,1393750042.9993587,1.140830151448536
FERKHL,1.0,2446869842.070853,1.1663195994890403
SLGWKA,1.0,2813596184.014914,1.175446318825934
PSELAE,1.0,2701051107.9161844,1.1868422677023673
FERKHL,1.0,2550837978.4159985,1.2158768227858325
FERKHL,1.0,2569331048.00398,1.2246916886787087
ANWDVH,1.0,2863316919.7003465,1.2581418900842096
PSELAE,1.0,3077103240.7609253,1.352079632079411
CRPVME,1.0,3248516107.418873,1.427398471764245
CRPVME,1.0,3324019504.5204816,1.4605746759362714
CRPVME,1.0,3452992209.242371,1.5172453020104022
MDYASL,1.0,1928788643.3009734,1.578776805139283
KQNCMD,1.0,3685880194.2033796,1.6195763180291984
YAFDKC,1.0,3895409950.9919705,1.7116437250357799
KQNCMD,1.0,3970367676.3813443,1.7445801609744427
FEPCNV,1.0,3999088646.2535543,1.7572001595053268
FEPCNV,1.0,4076195916.2819653,1.7910811056853713
FEPCNV,1.0,4094630939.6177487,1.799181457743451
KQNCMD,1.0,4204986112.3822937,1.8476715374434252
TGIKFM,1.0,2267909765.602121,1.8563585733031411
PTCKMF,1.0,4291731679.6419034,1.8857875528930366
YAFDKC,1.0,4465442880.189113,1.9621162808384347
PTCKMF,1.0,4576181336.009406,2.01077477517141
TGIKFM,1.0,2525667388.516529,2.067341646963641
LRYAIE,1.0,4950921441.515741,2.068364471166491
VKCKVDR,1.0,4725127046.068815,2.076221542829141
ELKVPC,1.0,4811206045.041271,2.114044668071979
YAFDKC,1.0,4873995223.604154,2.1416342426840016
ELKVPC,1.0,4892850687.487667,2.149919336382711
ELKVPC,1.0,4971642327.869497,2.1845403951522746
VKCKVDR,1.0,4987873409.561361,2.1916723349167526
LRYAIE,1.0,5247709425.323524,2.1923546674215983
LRYAIE,1.0,5256486399.949353,2.196021456057783
CWKFMK,1.0,5021965679.8902025,2.2066524836853625
CWKFMK,1.0,5038140736.959754,2.213759806222274
PLHLCV,1.0,4649526800.709093,2.2162332228620283
CWKFMK,1.0,5043873921.42758,2.216278968349569
TGIKFM,1.0,2722685247.3405437,2.228607230307821
VKCKVDR,1.0,5128974040.995406,2.253671973833105
PTCKMF,1.0,5283518960.882052,2.3215790351406764
PLHLCV,1.0,4885046652.764827,2.328495597753568
PLHLCV,1.0,5151699259.939126,2.4555976432547
FSIHQD,1.0,5918572257.335343,2.4726234745821833
LDWCMH,1.0,7318648015.240757,3.215815051209799
LDWCMH,1.0,7762423510.2698765,3.4108100712327394
LDWCMH,1.0,8146306667.438129,3.57948838888879
GLHDFM,1.0,4682345054.184712,3.832653095962851
MWNCFH,1.0,8313531223.551797,3.9627095157568224
MELHLP,1.0,8622639562.06545,4.110048416819435
MELHLP,1.0,8790184851.979662,4.189910186362369
GLHDFM,1.0,5152200614.098427,4.2172452918646135
GLHDFM,1.0,5170851193.053735,4.232511402829818
MWNCFH,1.0,8903517827.726728,4.243931233419923
MELHLP,1.0,9010640949.828646,4.294992305291316
MWNCFH,1.0,9109036168.61948,4.341893153958705
CWSKDF,1.0,8356362023.974901,6.839956562695129
CWSKDF,1.0,8563999287.80461,7.009914477552976
CWSKDF,1.0,8576827561.075248,7.020414840233985
HGLMLE,1.0,10015125447.714586,8.197708863710202
HGLMLE,1.0,10300805838.156431,8.431547638984627
HGLMLE,1.0,11677044900.138334,9.558044477780367
